workers,time_seconds,speedup
1,0.37335944175720215,1.0
2,0.422149658203125,0.8844
4,0.35791540145874023,1.0431
8,0.3485386371612549,1.0712
